{
    "1": {
        "center": [
            1249,
            1211
        ],
        "width": 5,
        "height": 5,
        "radius": 0,
        "intensity": 138,
        "x": 1247,
        "y": 1209,
        "distPrevious": 1739.6902023061461,
        "distNext": 7.280109889280518,
        "distDiff": -0.20904207741504255
    },
    "2": {
        "center": [
            1247,
            1204
        ],
        "width": 4,
        "height": 4,
        "radius": 0,
        "intensity": 140,
        "x": 1246,
        "y": 1203,
        "distPrevious": 6.670832032063167,
        "distNext": 7.0710678118654755,
        "distDiff": 0.0
    },
    "3": {
        "center": [
            1246,
            1197
        ],
        "width": 6,
        "height": 6,
        "radius": 0,
        "intensity": 174,
        "x": 1244,
        "y": 1195,
        "distPrevious": 6.8684628010931235,
        "distNext": 7.0710678118654755,
        "distDiff": -0.9883052815672562
    },
    "4": {
        "center": [
            1245,
            1190
        ],
        "width": 6,
        "height": 6,
        "radius": 0,
        "intensity": 139,
        "x": 1243,
        "y": 1188,
        "distPrevious": 7.1128164241108385,
        "distNext": 6.082762530298219,
        "distDiff": 0.9883052815672562
    },
    "5": {
        "center": [
            1244,
            1184
        ],
        "width": 6,
        "height": 7,
        "radius": 0,
        "intensity": 142,
        "x": 1242,
        "y": 1181,
        "distPrevious": 6.740410253351906,
        "distNext": 7.0710678118654755,
        "distDiff": 0.0
    },
    "6": {
        "center": [
            1243,
            1177
        ],
        "width": 6,
        "height": 7,
        "radius": 0,
        "intensity": 157,
        "x": 1241,
        "y": 1174,
        "distPrevious": 7.0710678118654755,
        "distNext": 7.0710678118654755,
        "distDiff": 0.0
    },
    "7": {
        "center": [
            1242,
            1170
        ],
        "width": 6,
        "height": 6,
        "radius": 0,
        "intensity": 153,
        "x": 1240,
        "y": 1168,
        "distPrevious": 6.576473218982953,
        "distNext": 7.0710678118654755,
        "distDiff": 6.08187862610043
    },
    "8": {
        "center": [
            1241,
            1163
        ],
        "width": 4,
        "height": 6,
        "radius": 0,
        "intensity": 161,
        "x": 1240,
        "y": 1161,
        "distPrevious": 7.158910531638177,
        "distNext": 13.152946437965905,
        "distDiff": -6.08187862610043
    },
    "9": {
        "center": [
            1239,
            1150
        ],
        "width": 6,
        "height": 6,
        "radius": 0,
        "intensity": 135,
        "x": 1237,
        "y": 1148,
        "distPrevious": 13.0862523283024,
        "distNext": 7.0710678118654755,
        "distDiff": 0.0
    },
    "10": {
        "center": [
            1238,
            1143
        ],
        "width": 6,
        "height": 6,
        "radius": 0,
        "intensity": 134,
        "x": 1236,
        "y": 1141,
        "distPrevious": 7.233667994117266,
        "distNext": 7.0710678118654755,
        "distDiff": -0.9883052815672562
    },
    "11": {
        "center": [
            1237,
            1136
        ],
        "width": 7,
        "height": 6,
        "radius": 0,
        "intensity": 128,
        "x": 1234,
        "y": 1134,
        "distPrevious": 6.990194409563408,
        "distNext": 6.082762530298219,
        "distDiff": 0.9883052815672562
    },
    "12": {
        "center": [
            1236,
            1130
        ],
        "width": 7,
        "height": 7,
        "radius": 0,
        "intensity": 130,
        "x": 1233,
        "y": 1127,
        "distPrevious": 6.576473218982953,
        "distNext": 7.0710678118654755,
        "distDiff": 0.20904207741504255
    },
    "13": {
        "center": [
            1235,
            1123
        ],
        "width": 7,
        "height": 7,
        "radius": 0,
        "intensity": 151,
        "x": 1232,
        "y": 1120,
        "distPrevious": 7.0710678118654755,
        "distNext": 7.280109889280518,
        "distDiff": -0.28010988928051805
    },
    "14": {
        "center": [
            1233,
            1116
        ],
        "width": 7,
        "height": 7,
        "radius": 0,
        "intensity": 142,
        "x": 1231,
        "y": 1113,
        "distPrevious": 6.93224470957141,
        "distNext": 7.0,
        "distDiff": -0.9172374697017807
    },
    "15": {
        "center": [
            1233,
            1109
        ],
        "width": 6,
        "height": 5,
        "radius": 0,
        "intensity": 145,
        "x": 1231,
        "y": 1107,
        "distPrevious": 7.174375661159884,
        "distNext": 6.082762530298219,
        "distDiff": 0.9883052815672562
    },
    "16": {
        "center": [
            1232,
            1103
        ],
        "width": 7,
        "height": 6,
        "radius": 0,
        "intensity": 137,
        "x": 1229,
        "y": 1100,
        "distPrevious": 6.18465843842649,
        "distNext": 7.0710678118654755,
        "distDiff": 0.0
    },
    "17": {
        "center": [
            1231,
            1096
        ],
        "width": 7,
        "height": 7,
        "radius": 0,
        "intensity": 141,
        "x": 1228,
        "y": 1093,
        "distPrevious": 7.0710678118654755,
        "distNext": 7.0710678118654755,
        "distDiff": 0.0
    },
    "18": {
        "center": [
            1230,
            1089
        ],
        "width": 7,
        "height": 7,
        "radius": 0,
        "intensity": 135,
        "x": 1227,
        "y": 1086,
        "distPrevious": 7.0710678118654755,
        "distNext": 7.0710678118654755,
        "distDiff": 0.0
    },
    "19": {
        "center": [
            1229,
            1082
        ],
        "width": 7,
        "height": 7,
        "radius": 0,
        "intensity": 139,
        "x": 1226,
        "y": 1079,
        "distPrevious": 6.958475469567102,
        "distNext": 7.0710678118654755,
        "distDiff": 0.0
    },
    "20": {
        "center": [
            1228,
            1075
        ],
        "width": 7,
        "height": 6,
        "radius": 0,
        "intensity": 132,
        "x": 1225,
        "y": 1073,
        "distPrevious": 7.0710678118654755,
        "distNext": 7.0710678118654755,
        "distDiff": 0.0
    },
    "21": {
        "center": [
            1227,
            1068
        ],
        "width": 6,
        "height": 6,
        "radius": 0,
        "intensity": 173,
        "x": 1225,
        "y": 1066,
        "distPrevious": 6.654482416511509,
        "distNext": 7.0710678118654755,
        "distDiff": -0.9883052815672562
    },
    "22": {
        "center": [
            1226,
            1061
        ],
        "width": 6,
        "height": 6,
        "radius": 0,
        "intensity": 169,
        "x": 1224,
        "y": 1059,
        "distPrevious": 6.915057344578136,
        "distNext": 6.082762530298219,
        "distDiff": 0.0
    },
    "23": {
        "center": [
            1225,
            1055
        ],
        "width": 6,
        "height": 5,
        "radius": 0,
        "intensity": 141,
        "x": 1223,
        "y": 1053,
        "distPrevious": 6.6978982763992105,
        "distNext": 6.082762530298219,
        "distDiff": 1.9794952180003298
    },
    "24": {
        "center": [
            1224,
            1049
        ],
        "width": 5,
        "height": 5,
        "radius": 0,
        "intensity": 162,
        "x": 1222,
        "y": 1047,
        "distPrevious": 6.18465843842649,
        "distNext": 8.06225774829855,
        "distDiff": -1.0622577482985491
    },
    "25": {
        "center": [
            1223,
            1041
        ],
        "width": 4,
        "height": 6,
        "radius": 0,
        "intensity": 148,